{
  "HTTP Request-1" : {
    "transaction" : "HTTP Request-1",
    "sampleCount" : 422,
    "errorCount" : 306,
    "errorPct" : 72.51185,
    "meanResTime" : 14943.613744075828,
    "medianResTime" : 14609.5,
    "minResTime" : 2221.0,
    "maxResTime" : 41149.0,
    "pct1ResTime" : 25411.59999999999,
    "pct2ResTime" : 26628.0,
    "pct3ResTime" : 38655.90999999999,
    "throughput" : 9.595925142688223,
    "receivedKBytesPerSec" : 320.5175743499443,
    "sentKBytesPerSec" : 0.30395860336084773
  },
  "Total" : {
    "transaction" : "Total",
    "sampleCount" : 1844,
    "errorCount" : 1190,
    "errorPct" : 64.53362,
    "meanResTime" : 13659.401843817779,
    "medianResTime" : 14250.0,
    "minResTime" : 1981.0,
    "maxResTime" : 46052.0,
    "pct1ResTime" : 21848.5,
    "pct2ResTime" : 27192.0,
    "pct3ResTime" : 33075.4,
    "throughput" : 39.51739065212267,
    "receivedKBytesPerSec" : 639.3512601324926,
    "sentKBytesPerSec" : 2.657184225189122
  },
  "HTTP Request-0" : {
    "transaction" : "HTTP Request-0",
    "sampleCount" : 422,
    "errorCount" : 0,
    "errorPct" : 0.0,
    "meanResTime" : 5551.063981042654,
    "medianResTime" : 4440.0,
    "minResTime" : 1981.0,
    "maxResTime" : 27585.0,
    "pct1ResTime" : 10097.199999999999,
    "pct2ResTime" : 14701.849999999999,
    "pct3ResTime" : 18769.119999999995,
    "throughput" : 12.828697370421036,
    "receivedKBytesPerSec" : 4.0214959530323755,
    "sentKBytesPerSec" : 1.4783069235446116
  },
  "HTTP Request" : {
    "transaction" : "HTTP Request",
    "sampleCount" : 1000,
    "errorCount" : 884,
    "errorPct" : 88.4,
    "meanResTime" : 16539.182999999997,
    "medianResTime" : 14834.5,
    "minResTime" : 4949.0,
    "maxResTime" : 46052.0,
    "pct1ResTime" : 25048.6,
    "pct2ResTime" : 28948.6,
    "pct3ResTime" : 33506.780000000006,
    "throughput" : 21.430255234339842,
    "receivedKBytesPerSec" : 334.44826468508245,
    "sentKBytesPerSec" : 1.328592112594561
  }
}