{
  "HTTP Request-1" : {
    "transaction" : "HTTP Request-1",
    "sampleCount" : 100,
    "errorCount" : 0,
    "errorPct" : 0.0,
    "meanResTime" : 3941.749999999999,
    "medianResTime" : 3605.0,
    "minResTime" : 1569.0,
    "maxResTime" : 11797.0,
    "pct1ResTime" : 6592.200000000001,
    "pct2ResTime" : 8620.899999999978,
    "pct3ResTime" : 11781.689999999991,
    "throughput" : 7.1377587437544605,
    "receivedKBytesPerSec" : 806.3128736170593,
    "sentKBytesPerSec" : 0.8225151677373305
  },
  "Total" : {
    "transaction" : "Total",
    "sampleCount" : 300,
    "errorCount" : 0,
    "errorPct" : 0.0,
    "meanResTime" : 5036.990000000003,
    "medianResTime" : 4504.0,
    "minResTime" : 1133.0,
    "maxResTime" : 13966.0,
    "pct1ResTime" : 9342.900000000001,
    "pct2ResTime" : 10540.349999999999,
    "pct3ResTime" : 12206.390000000001,
    "throughput" : 19.72256919334692,
    "receivedKBytesPerSec" : 1489.4209474229176,
    "sentKBytesPerSec" : 3.0302905791861154
  },
  "HTTP Request-0" : {
    "transaction" : "HTTP Request-0",
    "sampleCount" : 100,
    "errorCount" : 0,
    "errorPct" : 0.0,
    "meanResTime" : 3613.449999999999,
    "medianResTime" : 3325.5,
    "minResTime" : 1133.0,
    "maxResTime" : 11259.0,
    "pct1ResTime" : 7566.100000000002,
    "pct2ResTime" : 8606.5,
    "pct3ResTime" : 11250.159999999996,
    "throughput" : 7.357268981753973,
    "receivedKBytesPerSec" : 2.3063313897881104,
    "sentKBytesPerSec" : 0.8478102928193054
  },
  "HTTP Request" : {
    "transaction" : "HTTP Request",
    "sampleCount" : 100,
    "errorCount" : 0,
    "errorPct" : 0.0,
    "meanResTime" : 7555.769999999999,
    "medianResTime" : 7525.0,
    "minResTime" : 3169.0,
    "maxResTime" : 13966.0,
    "pct1ResTime" : 11227.900000000003,
    "pct2ResTime" : 12065.699999999995,
    "pct3ResTime" : 13955.119999999995,
    "throughput" : 6.57418973111564,
    "receivedKBytesPerSec" : 744.7104737114588,
    "sentKBytesPerSec" : 1.5151452895930577
  }
}