{
  "HTTP Request-1" : {
    "transaction" : "HTTP Request-1",
    "sampleCount" : 100,
    "errorCount" : 0,
    "errorPct" : 0.0,
    "meanResTime" : 1974.779999999999,
    "medianResTime" : 1740.0,
    "minResTime" : 1524.0,
    "maxResTime" : 4433.0,
    "pct1ResTime" : 2503.1000000000004,
    "pct2ResTime" : 2978.3999999999996,
    "pct3ResTime" : 4418.719999999993,
    "throughput" : 0.9869817112288909,
    "receivedKBytesPerSec" : 111.4980805518955,
    "sentKBytesPerSec" : 0.11373422062989172
  },
  "Total" : {
    "transaction" : "Total",
    "sampleCount" : 300,
    "errorCount" : 0,
    "errorPct" : 0.0,
    "meanResTime" : 2370.9833333333327,
    "medianResTime" : 2101.5,
    "minResTime" : 1123.0,
    "maxResTime" : 6215.0,
    "pct1ResTime" : 3850.8,
    "pct2ResTime" : 4115.85,
    "pct3ResTime" : 5068.39,
    "throughput" : 2.9097680914831088,
    "receivedKBytesPerSec" : 219.7499865120125,
    "sentKBytesPerSec" : 0.44707374322266513
  },
  "HTTP Request-0" : {
    "transaction" : "HTTP Request-0",
    "sampleCount" : 100,
    "errorCount" : 0,
    "errorPct" : 0.0,
    "meanResTime" : 1580.97,
    "medianResTime" : 1478.0,
    "minResTime" : 1123.0,
    "maxResTime" : 2615.0,
    "pct1ResTime" : 2274.8000000000006,
    "pct2ResTime" : 2358.9,
    "pct3ResTime" : 2614.93,
    "throughput" : 0.9915716410510659,
    "receivedKBytesPerSec" : 0.31083446950917204,
    "sentKBytesPerSec" : 0.11426313832424394
  },
  "HTTP Request" : {
    "transaction" : "HTTP Request",
    "sampleCount" : 100,
    "errorCount" : 0,
    "errorPct" : 0.0,
    "meanResTime" : 3557.2,
    "medianResTime" : 3515.0,
    "minResTime" : 2668.0,
    "maxResTime" : 6215.0,
    "pct1ResTime" : 4226.900000000001,
    "pct2ResTime" : 4653.45,
    "pct3ResTime" : 6203.759999999995,
    "throughput" : 0.9699226971610363,
    "receivedKBytesPerSec" : 109.87499325600625,
    "sentKBytesPerSec" : 0.22353687161133257
  }
}