{
  "/index.php?route=checkout/cart/add-13" : {
    "transaction" : "/index.php?route=checkout/cart/add-13",
    "sampleCount" : 100,
    "errorCount" : 70,
    "errorPct" : 70.0,
    "meanResTime" : 66843.6,
    "medianResTime" : 6562.0,
    "minResTime" : 3563.0,
    "maxResTime" : 161877.0,
    "pct1ResTime" : 161624.2,
    "pct2ResTime" : 161723.85,
    "pct3ResTime" : 161876.34,
    "throughput" : 0.5964309571524,
    "receivedKBytesPerSec" : 1.1751961419117998,
    "sentKBytesPerSec" : 0.10204560907529345
  },
  "/index.php-21" : {
    "transaction" : "/index.php-21",
    "sampleCount" : 100,
    "errorCount" : 0,
    "errorPct" : 0.0,
    "meanResTime" : 233.7600000000001,
    "medianResTime" : 124.5,
    "minResTime" : 41.0,
    "maxResTime" : 1364.0,
    "pct1ResTime" : 664.1000000000013,
    "pct2ResTime" : 1164.6499999999999,
    "pct3ResTime" : 1363.2999999999997,
    "throughput" : 0.6501274249752952,
    "receivedKBytesPerSec" : 0.5111626878868258,
    "sentKBytesPerSec" : 0.311096131091694
  },
  "/index.php-8" : {
    "transaction" : "/index.php-8",
    "sampleCount" : 2000,
    "errorCount" : 635,
    "errorPct" : 31.75,
    "meanResTime" : 38630.73050000004,
    "medianResTime" : 4057.0,
    "minResTime" : 41.0,
    "maxResTime" : 173145.0,
    "pct1ResTime" : 162100.10000000003,
    "pct2ResTime" : 163023.75,
    "pct3ResTime" : 163375.0,
    "throughput" : 10.360654378930573,
    "receivedKBytesPerSec" : 24.61219483825723,
    "sentKBytesPerSec" : 3.7220195554113698
  },
  "/3d-proektory-dlya-doma-9" : {
    "transaction" : "/3d-proektory-dlya-doma-9",
    "sampleCount" : 2000,
    "errorCount" : 43,
    "errorPct" : 2.15,
    "meanResTime" : 5699.887500000012,
    "medianResTime" : 1179.5,
    "minResTime" : 39.0,
    "maxResTime" : 173142.0,
    "pct1ResTime" : 9693.9,
    "pct2ResTime" : 11835.899999999996,
    "pct3ResTime" : 163217.54,
    "throughput" : 10.609516736512653,
    "receivedKBytesPerSec" : 18.9629259555196,
    "sentKBytesPerSec" : 5.294791224603469
  },
  "/dopolnitelnoe-oborudovanie/sidm-opcii-12" : {
    "transaction" : "/dopolnitelnoe-oborudovanie/sidm-opcii-12",
    "sampleCount" : 2000,
    "errorCount" : 0,
    "errorPct" : 0.0,
    "meanResTime" : 511.3085000000006,
    "medianResTime" : 150.0,
    "minResTime" : 40.0,
    "maxResTime" : 8958.0,
    "pct1ResTime" : 1233.0,
    "pct2ResTime" : 1528.0,
    "pct3ResTime" : 4797.64,
    "throughput" : 11.49128099054842,
    "receivedKBytesPerSec" : 15.984068865092363,
    "sentKBytesPerSec" : 5.835416128012871
  },
  "/index.php-20" : {
    "transaction" : "/index.php-20",
    "sampleCount" : 100,
    "errorCount" : 0,
    "errorPct" : 0.0,
    "meanResTime" : 209.95000000000002,
    "medianResTime" : 118.0,
    "minResTime" : 50.0,
    "maxResTime" : 1723.0,
    "pct1ResTime" : 474.3000000000003,
    "pct2ResTime" : 951.9999999999998,
    "pct3ResTime" : 1723.0,
    "throughput" : 0.6501485589457191,
    "receivedKBytesPerSec" : 0.5225886497877265,
    "sentKBytesPerSec" : 0.30539204770790124
  },
  "/index.php-17-0" : {
    "transaction" : "/index.php-17-0",
    "sampleCount" : 7,
    "errorCount" : 0,
    "errorPct" : 0.0,
    "meanResTime" : 677.2857142857143,
    "medianResTime" : 760.0,
    "minResTime" : 51.0,
    "maxResTime" : 1184.0,
    "pct1ResTime" : 1184.0,
    "pct2ResTime" : 1184.0,
    "pct3ResTime" : 1184.0,
    "throughput" : 0.10471674121501338,
    "receivedKBytesPerSec" : 0.06514117593160501,
    "sentKBytesPerSec" : 0.05491493167232636
  },
  "/videoochki-11" : {
    "transaction" : "/videoochki-11",
    "sampleCount" : 2000,
    "errorCount" : 0,
    "errorPct" : 0.0,
    "meanResTime" : 668.2340000000006,
    "medianResTime" : 240.0,
    "minResTime" : 41.0,
    "maxResTime" : 10017.0,
    "pct1ResTime" : 1415.3000000000006,
    "pct2ResTime" : 3516.099999999986,
    "pct3ResTime" : 8912.87,
    "throughput" : 11.002613120616147,
    "receivedKBytesPerSec" : 14.529584565396782,
    "sentKBytesPerSec" : 5.576519735937285
  },
  "/index.php-17-1" : {
    "transaction" : "/index.php-17-1",
    "sampleCount" : 7,
    "errorCount" : 0,
    "errorPct" : 0.0,
    "meanResTime" : 1398.5714285714287,
    "medianResTime" : 968.0,
    "minResTime" : 95.0,
    "maxResTime" : 3181.0,
    "pct1ResTime" : 3181.0,
    "pct2ResTime" : 3181.0,
    "pct3ResTime" : 3181.0,
    "throughput" : 0.10465098895184559,
    "receivedKBytesPerSec" : 0.4021938397942861,
    "sentKBytesPerSec" : 0.05426726087249025
  },
  "/pos-oborudovanie/displei-pokupatelya-10" : {
    "transaction" : "/pos-oborudovanie/displei-pokupatelya-10",
    "sampleCount" : 2000,
    "errorCount" : 0,
    "errorPct" : 0.0,
    "meanResTime" : 906.473,
    "medianResTime" : 296.0,
    "minResTime" : 41.0,
    "maxResTime" : 11655.0,
    "pct1ResTime" : 2073.100000000001,
    "pct2ResTime" : 4177.249999999997,
    "pct3ResTime" : 7516.9,
    "throughput" : 10.720296737813703,
    "receivedKBytesPerSec" : 15.263074825661173,
    "sentKBytesPerSec" : 5.559060124784254
  },
  "/index.php-18" : {
    "transaction" : "/index.php-18",
    "sampleCount" : 100,
    "errorCount" : 0,
    "errorPct" : 0.0,
    "meanResTime" : 517.1800000000001,
    "medianResTime" : 331.0,
    "minResTime" : 41.0,
    "maxResTime" : 2669.0,
    "pct1ResTime" : 1280.7,
    "pct2ResTime" : 1405.7999999999997,
    "pct3ResTime" : 2661.409999999996,
    "throughput" : 0.6445416986251925,
    "receivedKBytesPerSec" : 0.5223179612823802,
    "sentKBytesPerSec" : 0.2700277233498121
  },
  "/index.php-17" : {
    "transaction" : "/index.php-17",
    "sampleCount" : 100,
    "errorCount" : 0,
    "errorPct" : 0.0,
    "meanResTime" : 788.6200000000005,
    "medianResTime" : 442.5,
    "minResTime" : 46.0,
    "maxResTime" : 4366.0,
    "pct1ResTime" : 1526.0,
    "pct2ResTime" : 2117.049999999999,
    "pct3ResTime" : 4365.37,
    "throughput" : 0.6359785802414174,
    "receivedKBytesPerSec" : 0.6660633482364314,
    "sentKBytesPerSec" : 0.3566013881027487
  },
  "/index.php-16" : {
    "transaction" : "/index.php-16",
    "sampleCount" : 100,
    "errorCount" : 0,
    "errorPct" : 0.0,
    "meanResTime" : 1144.3100000000009,
    "medianResTime" : 783.0,
    "minResTime" : 59.0,
    "maxResTime" : 7445.0,
    "pct1ResTime" : 2692.0,
    "pct2ResTime" : 3144.5999999999963,
    "pct3ResTime" : 7439.999999999997,
    "throughput" : 0.6116245359298833,
    "receivedKBytesPerSec" : 0.5673653776169885,
    "sentKBytesPerSec" : 0.2831152637019187
  },
  "/index.php-15" : {
    "transaction" : "/index.php-15",
    "sampleCount" : 100,
    "errorCount" : 0,
    "errorPct" : 0.0,
    "meanResTime" : 3446.1099999999988,
    "medianResTime" : 988.0,
    "minResTime" : 141.0,
    "maxResTime" : 11221.0,
    "pct1ResTime" : 10668.9,
    "pct2ResTime" : 10839.75,
    "pct3ResTime" : 11220.49,
    "throughput" : 0.5934577220718796,
    "receivedKBytesPerSec" : 1.40892890524854,
    "sentKBytesPerSec" : 0.3077402836134454
  },
  "/index.php-14" : {
    "transaction" : "/index.php-14",
    "sampleCount" : 100,
    "errorCount" : 6,
    "errorPct" : 6.0,
    "meanResTime" : 14324.179999999998,
    "medianResTime" : 3486.0,
    "minResTime" : 1178.0,
    "maxResTime" : 163789.0,
    "pct1ResTime" : 11926.6,
    "pct2ResTime" : 162556.95,
    "pct3ResTime" : 163788.82,
    "throughput" : 0.5965199028865598,
    "receivedKBytesPerSec" : 0.5574490143254255,
    "sentKBytesPerSec" : 0.23381949084043688
  },
  "Total" : {
    "transaction" : "Total",
    "sampleCount" : 10914,
    "errorCount" : 754,
    "errorPct" : 6.908558,
    "meanResTime" : 9311.753161077493,
    "medianResTime" : 290.0,
    "minResTime" : 39.0,
    "maxResTime" : 173145.0,
    "pct1ResTime" : 7756.0,
    "pct2ResTime" : 18890.0,